{"ff-rand-006": [772.6381991746978, 756.8398822182124], "vae-combined-009": [1050.3384832957809, 1034.4080949615684], "vae-combined-003": [823.9571796048277, 808.1344558729932], "vae-rand-031": [853.6794886683633, 837.842629314307], "ff-combined-008": [1531.5258388880452, 1515.3666028333523], "ff-combined-002": [864.3346909876564, 848.4927641297811], "vae-rand-009": [934.1097749042685, 918.2346637394596], "vae-rand-003": [893.9384438037562, 878.082437707782], "vae-combined-031": [1514.9475753923589, 1498.7962237880083], "ff-rand-015": [1556.3219666311725, 1540.150937795051], "vae-combined-010": [909.6359031809529, 893.7724315359487], "vae-rand-022": [845.5980181193136, 829.7650022289138], "vae-rand-028": [836.5142949386575, 820.6855991728811], "ff-rand-027": [1149.630793391211, 1133.653182663138], "ff-combined-011": [827.9503447823868, 812.1257219425692], "vae-combined-022": [852.8541762200309, 837.0177093760234], "vae-combined-028": [1522.3372497875084, 1506.1823837305838], "vae-combined-025": [1515.8157167657814, 1499.663952282389], "vae-rand-017": [1514.41600688878, 1498.2649080929018], "ff-combined-016": [791.8470735808881, 776.0396210827687], "ff-rand-020": [1189.2860319789693, 1173.289561630313], "vae-rand-025": [1501.3653415315043, 1485.2204494968453], "ff-rand-012": [789.782490390401, 773.9760197866547], "ff-rand-018": [742.6174076442229, 726.8333682651281], "vae-rand-004": [931.4657297626993, 915.5918760783633], "ff-combined-005": [1513.1155245055834, 1496.9650442056513], "vae-combined-004": [1513.2502133137145, 1497.0996689571814], "ff-rand-001": [1468.517875444567, 1452.3886053244287], "vae-combined-000": [912.7025085401177, 896.8375784493794], "ff-rand-005": [747.7357718800781, 731.9492982599869], "ff-combined-001": [817.8319741794407, 802.0121635318401], "vae-combined-019": [1514.1013849391766, 1497.9504357742376], "vae-rand-021": [1504.5793419307079, 1488.4329213507608], "vae-combined-013": [1515.9310161623384, 1499.7791968437477], "ff-rand-016": [1201.932225592493, 1185.929740845188], "vae-rand-019": [1517.7361177279122, 1501.5834399217204], "vae-combined-021": [1534.7232995112158, 1518.5625427773812], "ff-combined-018": [730.9865647398632, 715.2080568691403], "ff-combined-012": [682.7481118565247, 666.9925456941687], "ff-rand-024": [734.9840785227344, 719.2036694758767], "ff-rand-029": [725.5985844012815, 709.82263899818], "ff-rand-023": [1496.7348326580097, 1480.5921428453917], "ff-combined-015": [712.2798069523959, 696.5101958218461], "vae-rand-014": [986.4155880402994, 970.5156007727314], "vae-combined-026": [1506.2189366234995, 1490.0717362693053], "ff-rand-011": [736.4287051788218, 720.647609082495], "vae-combined-014": [1515.6540457381084, 1499.5023581437815], "vae-rand-026": [825.5748750776468, 809.7513819866072], "ff-rand-030": [1511.8717771374513, 1495.7218883508808], "ff-combined-006": [755.6190447369503, 739.8288219139711], "vae-rand-007": [1518.337618285279, 1502.1846544116547], "ff-rand-002": [12716.695660161775, 12695.216873235602], "ff-rand-008": [1513.8429742398503, 1497.6921479723624], "vae-combined-007": [926.7878504816033, 910.9162215481833], "vae-rand-005": [940.0154304139189, 924.1375105805412], "ff-combined-004": [780.0846653709588, 764.2828069523074], "vae-combined-005": [1514.4902961274151, 1498.339162000345], "ff-rand-000": [717.8149834467046, 702.0427398435669], "vae-rand-016": [1500.6340882150826, 1484.4895439569236], "vae-combined-024": [1500.8788986627699, 1484.7342379752988], "ff-rand-021": [13232.277505336813, 13210.553513027293], "ff-combined-017": [700.1064359732193, 684.3426143717722], "vae-combined-016": [1515.7052880979254, 1499.553576133263], "vae-rand-024": [815.9068926832161, 800.0879975844282], "ff-rand-019": [758.139778266103, 742.348356608376], "ff-rand-013": [894.1163526513167, 878.2602619437379], "ff-rand-014": [808.1956671929786, 792.3804394731337], "vae-rand-029": [905.2804334933833, 889.4190332646331], "vae-rand-023": [1505.5021525331165, 1489.3552930740088], "vae-combined-011": [868.3218773461102, 852.4780542237163], "ff-combined-010": [733.1197305255812, 717.3402081433135], "ff-rand-026": [1226.9935378822315, 1210.9791342344752], "vae-combined-023": [1516.221304855029, 1500.0693474781438], "vae-rand-011": [825.3146802291417, 809.491310884076], "ff-rand-007": [740.4799761379978, 724.6969532991803], "vae-combined-002": [1503.2534074753203, 1487.1076174960615], "vae-combined-008": [960.6825107174168, 944.7947618347894], "ff-combined-003": [1510.800962052193, 1494.6515825341817], "ff-combined-009": [652.7050555631047, 636.9637775670298], "vae-combined-030": [1515.340952996546, 1499.1894143058828], "vae-rand-002": [897.7736821824351, 881.9158520868269], "vae-rand-008": [993.6394674255446, 977.7360445557913], "ff-combined-007": [735.8141090757138, 720.0333052749255], "ff-rand-031": [715.3220892450067, 699.5510312365211], "vae-rand-006": [1511.8739740453957, 1495.7240842139984], "ff-rand-009": [748.7453513391159, 732.9583975734947], "ff-rand-003": [813.4622611228926, 797.6445286655446], "vae-combined-006": [1521.5476286866542, 1505.3931381653433], "ff-combined-014": [712.4187281938262, 696.6490509937732], "ff-rand-022": [1519.425518274899, 1503.272037007312], "ff-rand-028": [1312.6709290891276, 1296.6157781618626], "vae-combined-027": [788.6358382871431, 772.829913019256], "vae-rand-015": [935.3145761837486, 919.4388920279347], "ff-rand-010": [1477.5640663025283, 1461.4304939077506], "vae-rand-027": [1024.6288614278146, 1008.7107003233716], "vae-combined-015": [1509.0295095033127, 1492.8809724697787], "vae-combined-012": [1518.9502292018103, 1502.7969739767814], "vae-rand-020": [859.6930658191536, 843.8533464701143], "vae-combined-018": [855.3185723001812, 839.480933414933], "ff-rand-017": [839.6423527985817, 823.8121693608987], "vae-rand-012": [1500.7610094242866, 1484.6164048037158], "vae-combined-020": [934.6292552799343, 918.7538970556411], "vae-rand-018": [857.3027811827694, 841.4641986283361], "ff-rand-025": [770.4223920000006, 754.6251288584484], "ff-combined-013": [653.8955194358442, 638.1536752674864], "ff-combined-019": [635.0891231899466, 619.3562231487803], "vae-combined-001": [1508.3802247574388, 1492.2319965170022], "ff-rand-004": [722.9946896621608, 707.2199826444169], "vae-rand-001": [1015.9075673597206, 999.9935540123704], "ff-combined-000": [687.2234491299594, 671.4657545435675]}