{"ff-rand-006": [656.6871960121518, 637.2410571985772], "vae-combined-009": [938.9513453089633, 911.980185482003], "vae-combined-003": [777.9442268572594, 755.2654362619996], "vae-rand-031": [751.5506020571529, 729.575452295258], "ff-combined-008": [1451.8192891956262, 1411.1753265545162], "ff-combined-002": [766.397463074718, 744.0265034254593], "vae-rand-009": [823.7531302213059, 799.8530971789505], "vae-rand-003": [753.7602852260821, 731.7262264163306], "vae-combined-031": [1423.6639018874503, 1383.7705477868221], "ff-rand-015": [1460.558084664723, 1419.6811501081202], "vae-combined-010": [844.9647151957379, 820.4991919093773], "vae-rand-022": [752.2985069344346, 730.3034184026619], "vae-rand-028": [719.1770611020556, 698.0649737466749], "ff-rand-027": [852.844719080768, 828.1691188329223], "ff-combined-011": [796.9641457530086, 773.7782936349873], "vae-combined-022": [798.2773564669831, 775.0564948082806], "vae-combined-028": [1433.5366230817503, 1393.3800671730587], "vae-combined-025": [1430.9886228809623, 1390.8999953829486], "vae-rand-017": [1429.4760020885133, 1389.4277003041148], "ff-combined-016": [739.4127177919247, 717.7611579523823], "ff-rand-020": [1077.664135775986, 1046.9949623483255], "vae-rand-025": [1435.0063449276176, 1394.8106069697656], "ff-rand-012": [634.3638021466271, 615.5127938458953], "ff-rand-018": [609.2662292654959, 591.0843097023384], "vae-rand-004": [815.8570788733259, 792.1675506097898], "ff-combined-005": [1431.3645649986267, 1391.2659150718266], "vae-combined-004": [1422.3092969504728, 1382.452055939803], "ff-rand-001": [1366.009986151858, 1327.653656602506], "vae-combined-000": [838.1643400264825, 813.8801113401446], "ff-rand-005": [616.6200640324605, 598.2420949132817], "ff-combined-001": [762.6276487911305, 740.3571905047661], "vae-combined-019": [1419.1964583795643, 1379.4222040879508], "vae-rand-021": [1428.5061082972416, 1388.4836633961145], "vae-combined-013": [1423.4921456154016, 1383.6033704510623], "ff-rand-016": [754.3850309448037, 732.3343167267294], "vae-rand-019": [1433.2930482221182, 1393.1429858973324], "vae-combined-021": [1430.549772683657, 1390.472844712362], "ff-combined-018": [722.3325122256539, 701.1363021218797], "ff-combined-012": [679.4213371447524, 659.3691175016771], "ff-rand-024": [598.5159235776382, 580.6206017861176], "ff-rand-029": [624.2304357840749, 605.6495779612005], "ff-rand-023": [1400.804415404195, 1361.52048377741], "ff-combined-015": [656.1066119599448, 636.6759512267561], "vae-rand-014": [850.6144707070705, 825.9983277651525], "vae-combined-026": [1413.969331585647, 1374.334429879411], "ff-rand-011": [634.6025882335633, 615.7452140152102], "vae-combined-014": [1429.1583165181125, 1389.1184840720941], "vae-rand-026": [712.8051735659267, 691.862957544627], "ff-rand-030": [1431.3958751199748, 1391.296390481003], "ff-combined-006": [741.9986924959044, 720.2781918644265], "vae-rand-007": [1430.03367812529, 1389.9705089767372], "ff-rand-002": [10628.68297827217, 10343.388420543757], "ff-rand-008": [1430.407319623804, 1390.3341893798201], "vae-combined-007": [851.8787186086525, 827.2288714501371], "vae-rand-005": [826.4963665243417, 802.5232001744924], "ff-combined-004": [694.8326803814787, 674.3696020374675], "vae-combined-005": [1433.859884897084, 1393.694710990112], "ff-rand-000": [617.0494843338184, 598.6600670842294], "vae-rand-016": [1421.7819511738123, 1381.9387689377359], "vae-combined-024": [1418.4576113515823, 1378.7030543521155], "ff-rand-021": [9580.54886237287, 9323.197035829546], "ff-combined-017": [657.4797530180974, 638.0124850312328], "vae-combined-016": [1433.3713533868968, 1393.2192034855914], "vae-rand-024": [714.6619510919098, 693.6702343106482], "ff-rand-019": [657.4146601366143, 637.9491274934063], "ff-rand-013": [783.6575979607328, 760.826491750054], "ff-rand-014": [589.793268380663, 572.1304882130548], "vae-rand-029": [806.2408821232615, 782.8077168544356], "vae-rand-023": [1413.418350626408, 1373.798137796909], "vae-combined-011": [821.9676169336899, 798.1151847823526], "ff-combined-010": [693.4728693384128, 673.046042876544], "ff-rand-026": [1055.0562853559643, 1024.9898259105858], "vae-combined-023": [1422.145397725964, 1382.2925261866267], "vae-rand-011": [716.3595008286463, 695.322528220628], "ff-rand-007": [596.8351380580316, 578.9846251676256], "vae-combined-002": [1404.9237323131574, 1365.5299817583295], "vae-combined-008": [853.5278360893326, 828.834024283778], "ff-combined-003": [1430.187556293778, 1390.1202848302332], "ff-combined-009": [664.5779930476149, 644.9214895325641], "vae-combined-030": [1432.3155290505206, 1392.191526897831], "vae-rand-002": [781.3388221586106, 758.569533350814], "vae-rand-008": [868.6620554786593, 843.5647729553052], "ff-combined-007": [739.8289760556523, 718.1663189790385], "ff-rand-031": [573.5743397255869, 556.3439480821612], "vae-rand-006": [1424.8994945897402, 1384.973200205793], "ff-rand-009": [637.4300309906822, 618.4972785628948], "ff-rand-003": [673.2920434999216, 653.4032277591467], "vae-combined-006": [1431.1886860294157, 1391.0947249479486], "ff-combined-014": [727.5883547433814, 706.2520265073986], "ff-rand-022": [1434.0570836645456, 1393.886652537085], "ff-rand-028": [1123.1937052790163, 1091.3107363052538], "vae-combined-027": [750.9439950505192, 728.9850171279569], "vae-rand-015": [824.0379341478997, 800.1303083753387], "ff-rand-010": [1389.9696527822366, 1350.9745705067007], "vae-rand-027": [887.4004065862798, 861.8035689965373], "vae-combined-015": [1434.279181549235, 1394.1028294032765], "vae-combined-012": [1429.1500040727294, 1389.1103932323465], "vae-rand-020": [740.8128718939869, 719.1239846465315], "vae-combined-018": [796.8619101130683, 773.6787835460631], "ff-rand-017": [745.7887133930254, 723.967172700445], "vae-rand-012": [1430.5067220992273, 1390.4309418349767], "vae-combined-020": [840.6975996578753, 816.3458355370656], "vae-rand-018": [744.7451090835567, 722.9513903597881], "ff-rand-025": [600.3669054281517, 582.4222373864777], "ff-combined-013": [679.3161336004201, 659.2667186312071], "ff-combined-019": [680.4564728411177, 660.3766569982195], "vae-combined-001": [1427.4010548085166, 1387.4080700805794], "ff-rand-004": [590.4738283364883, 572.7929047809182], "vae-rand-001": [892.1787052712622, 866.4544806289935], "ff-combined-000": [652.4503044059502, 633.1171190030284]}