{"ff-rand-006": [904.7502693280661, 897.3824329593343], "vae-combined-009": [1180.1861628315519, 1183.850046989529], "vae-combined-003": [994.7399583068056, 990.9763765850317], "vae-rand-031": [1007.726038206722, 1004.4825731711619], "ff-combined-008": [1694.4463348038248, 1718.7072966449382], "ff-combined-002": [1009.2666916636744, 1006.0849326684905], "vae-rand-009": [1094.2670166008909, 1094.4896789302463], "vae-rand-003": [1019.9817248462195, 1017.2291228864558], "vae-combined-031": [1681.5787507551072, 1705.3243418895422], "ff-rand-015": [1707.7221409970452, 1732.5148236020268], "vae-combined-010": [1074.353932217923, 1073.7790384301602], "vae-rand-022": [987.8923376630939, 983.8544959810313], "vae-rand-028": [967.7045271482355, 962.8581260558022], "ff-rand-027": [1215.1375066043747, 1220.2012571763848], "ff-combined-011": [1089.762806675691, 1089.8050670085734], "vae-combined-022": [1024.761716826937, 1022.2005624486067], "vae-combined-028": [1676.68035435583, 1700.2297555913437], "vae-combined-025": [1677.2888258102637, 1700.862597460789], "vae-rand-017": [1676.2932469607454, 1699.8271438241086], "ff-combined-016": [980.535690138036, 976.2032010210378], "ff-rand-020": [1378.971082023036, 1390.596672426162], "vae-rand-025": [1632.5888025127542, 1654.3722549776312], "ff-rand-012": [916.3766687541195, 909.4744913362554], "ff-rand-018": [847.0034037065261, 837.3226978176779], "vae-rand-004": [1070.4481520537224, 1069.7168244959735], "ff-combined-005": [1676.9871552762634, 1700.5488444600487], "vae-combined-004": [1681.1305994710065, 1704.8582413118438], "ff-rand-001": [1632.5048924404086, 1654.284984150608], "vae-combined-000": [1095.024464296557, 1095.2774638168496], "ff-rand-005": [864.0413785843035, 855.0430753220772], "ff-combined-001": [1028.092830595011, 1025.6650935272014], "vae-combined-019": [1680.2634167572105, 1703.9563263152563], "vae-rand-021": [1654.2303300131791, 1676.8805659612071], "vae-combined-013": [1679.5098329793484, 1703.1725601035614], "ff-rand-016": [1176.9154579817955, 1180.4483443189408], "vae-rand-019": [1678.3372145220078, 1701.952976093034], "vae-combined-021": [1678.1165348542986, 1701.7234577936233], "ff-combined-018": [964.9686451310511, 960.0126668683233], "ff-combined-012": [852.6437545523884, 843.1889552199177], "ff-rand-024": [853.8718937754343, 844.4662837062227], "ff-rand-029": [866.057240369388, 857.1396761261423], "ff-rand-023": [1646.8556527871908, 1669.2105191771814], "ff-combined-015": [892.3165073835892, 884.4506756914361], "vae-rand-014": [1131.6314005006118, 1133.3505759953046], "vae-combined-026": [1651.778200934466, 1674.3302245458676], "ff-rand-011": [882.2524234993914, 873.9835065035925], "vae-combined-014": [1676.2185154125773, 1699.7494191382511], "vae-rand-026": [964.9484842137649, 959.9916984687508], "ff-rand-030": [1681.902000583537, 1705.6605384756451], "ff-combined-006": [980.486223228357, 976.1517528694955], "vae-rand-007": [1678.8357900601773, 1702.4715205100906], "ff-rand-002": [13200.52275730402, 13685.623509622077], "ff-rand-008": [1685.1409728697943, 1709.029237634465], "vae-combined-007": [1091.6627417790073, 1091.781098051355], "vae-rand-005": [1095.2017573271942, 1095.4618577635674], "ff-combined-004": [935.9323525933112, 929.8134167351383], "vae-combined-005": [1679.2705699256012, 1702.9237141188905], "ff-rand-000": [830.5602506459386, 820.2209658520865], "vae-rand-016": [1635.3433049655591, 1657.237080383857], "vae-combined-024": [1626.6994699266756, 1648.2470436527576], "ff-rand-021": [13465.542584617522, 13961.257874611738], "ff-combined-017": [864.8599453127573, 855.894427172564], "vae-combined-016": [1681.2479776184286, 1704.980320672684], "vae-rand-024": [963.2314128329753, 958.2058551811615], "ff-rand-019": [932.7589288316066, 926.5128914413616], "ff-rand-013": [1035.3773139870543, 1033.241334046249], "ff-rand-014": [878.9461561003967, 870.5448169374346], "vae-rand-029": [1064.0280054412426, 1063.0395390543147], "vae-rand-023": [1641.0001421544982, 1663.1204844379195], "vae-combined-011": [1049.8940602481564, 1048.339503032155], "ff-combined-010": [929.1543949915128, 922.7639893076255], "ff-rand-026": [1317.9533198748218, 1327.135035259982], "vae-combined-023": [1679.6282930788243, 1703.2957647506498], "vae-rand-011": [965.8476930392618, 960.926922282461], "ff-rand-007": [863.5028599619257, 854.4829880258968], "vae-combined-002": [1656.1861920642393, 1678.9147639301523], "vae-combined-008": [1143.0227966205234, 1145.1982187459855], "ff-combined-003": [1676.2037653593557, 1699.7340783179263], "ff-combined-009": [865.9893627218619, 857.0690798524124], "vae-combined-030": [1682.985236098517, 1706.7871595904967], "vae-rand-002": [1033.244276982838, 1031.02286493729], "vae-rand-008": [1126.6155824087145, 1128.1338650470016], "ff-combined-007": [978.2994125265806, 973.8773563262372], "ff-rand-031": [1498.5027724744778, 1514.915829704721], "vae-rand-006": [1675.2044632174766, 1698.6947522640917], "ff-rand-009": [870.0524838847294, 861.2949365853061], "ff-rand-003": [904.6727091410503, 897.3017663423749], "vae-combined-006": [1677.9687452123917, 1701.5697489013037], "ff-combined-014": [921.9676022587861, 915.2893521407461], "ff-rand-022": [1678.5554352288277, 1702.179936945592], "ff-rand-028": [1408.217006957661, 1421.0139511241618], "vae-combined-027": [958.2554355357559, 953.0305807255655], "vae-rand-015": [1083.0879920295572, 1082.8629136042002], "ff-rand-010": [1643.3769038253572, 1665.5924398403504], "vae-rand-027": [1187.1331126910807, 1191.075235129438], "vae-combined-015": [1642.1945565808824, 1664.3627373866448], "vae-combined-012": [1676.1283959656964, 1699.6556902396776], "vae-rand-020": [1000.7564196368988, 997.2338083968914], "vae-combined-018": [1025.1228332875303, 1022.5761422960163], "ff-rand-017": [973.2435986611323, 968.6190476991612], "vae-rand-012": [1659.7085663436458, 1682.5782158597758], "vae-combined-020": [1106.5388200204468, 1107.2529909326572], "vae-rand-018": [994.5688326577882, 990.7983970350542], "ff-rand-025": [867.6383902991045, 858.784154055393], "ff-combined-013": [879.374971989843, 870.9908077019111], "ff-combined-019": [865.7263492880686, 856.7955322407404], "vae-combined-001": [1666.8716807879778, 1690.02822637871], "ff-rand-004": [858.1316128348766, 848.896612447607], "vae-rand-001": [1169.9819996161632, 1173.2371880323863], "ff-combined-000": [840.8537937912153, 830.9267845717769]}
